{
  "test/flpSandbox.html": 1732701543387,
  "test/integration/pages/RisksObjectPage.js": 1732701543399,
  "test/integration/pages/RisksList.js": 1732701543399,
  "test/integration/opaTests.qunit.js": 1732701543391,
  "test/integration/FirstJourney.js": 1732701543399,
  "test/testsuite.qunit.js": 1732701543391,
  "xs-app.json": 1732742130979,
  "manifest.json": 1732714442941,
  "Component.js": 1732701543371,
  "test/integration/FirstJourney-dbg.js": 1732701543399,
  "test/integration/FirstJourney.js.map": 1732742138337,
  "test/integration/pages/RisksList-dbg.js": 1732701543399,
  "test/integration/pages/RisksList.js.map": 1732742138325,
  "test/integration/opaTests.qunit-dbg.js": 1732701543391,
  "test/integration/opaTests.qunit.js.map": 1732742138330,
  "test/integration/pages/RisksObjectPage-dbg.js": 1732701543399,
  "test/integration/pages/RisksObjectPage.js.map": 1732742138334,
  "test/testsuite.qunit-dbg.js": 1732701543391,
  "test/testsuite.qunit.js.map": 1732742138328,
  "Component-dbg.js": 1732701543371,
  "Component.js.map": 1732742138329,
  "Component-preload.js": 1732742138430,
  "Component-preload.js.map": 1732742138430,
  "test/integration/opaTests.qunit.html": 1732701543391,
  "test/testsuite.qunit.html": 1732701543387,
  "i18n/i18n.properties": 1732701548167,
  "index.html": 1732701543371
}